accountId,status,balance
ACC1001,ACTIVE,15780.53
ACC1002,ACTIVE,9151.75
ACC1003,ACTIVE,23393.44
ACC1004,ACTIVE,13300.38
ACC1005,ACTIVE,20.50
ACC1006,ACTIVE,7592.68
ACC1007,ACTIVE,24941.71
ACC1008,ACTIVE,7135.00
ACC1009,ACTIVE,19024.02
ACC1010,ACTIVE,5901.36
ACC1011,ACTIVE,23723.20
ACC1012,ACTIVE,40.01
ACC1013,ACTIVE,6550.00
ACC1014,ACTIVE,24925.89
ACC1015,ACTIVE,17850.64
ACC1016,ACTIVE,20050.28
ACC1017,ACTIVE,4003.99
ACC1018,ACTIVE,21254.77
ACC1019,ACTIVE,10594.10
ACC1020,ACTIVE,73000.00
ACC1021,ACTIVE,400.00
ACC1022,ACTIVE,6342.64
ACC1023,ACTIVE,7585.57
ACC1024,ACTIVE,5000.01
ACC1025,ACTIVE,20978.55
ACC1026,ACTIVE,500.00
ACC1027,ACTIVE,3117.85
ACC1028,ACTIVE,12000.00
ACC1029,ACTIVE,12007.54
ACC1030,ACTIVE,12006.72
ACC1031,FROZEN,2500.00
ACC1032,FROZEN,15233.10
ACC1033,CLOSED,0.00
ACC1034,CLOSED,0.00
ACC1035,DORMANT,17297.39
ACC1036,ACTIVE,23685.08
ACC1037,ACTIVE,14420.89
ACC1038,ACTIVE,26161.10
ACC1039,ACTIVE,21107.09
ACC1040,ACTIVE,17101.04
